chunk_1024_exchange_1,chunk_1024_exchange_2,chunk_1024_exchange_4,chunk_2048_exchange_1
14.504858,20.137643,32.194884,14.428386
15.411368,,,
15.618021,,,
14.213323,,,
13.219734,,,
,19.580051,,
14.058712,,,
13.940067,,,
,19.381808,,
17.585977,,,
13.736104,,,
13.899314,,,
13.386058,,,
45.680600,,,
50.046515,,,
33.468660,,,
